epoch,time,train/loss,metrics/accuracy_top1,metrics/accuracy_top5,val/loss,lr/pg0,lr/pg1,lr/pg2
1,0.431345,0.79561,0.33333,1,0.94554,6.668e-05,6.668e-05,6.668e-05
2,0.889691,0.74283,0.41667,1,0.79247,0.000148545,0.000148545,0.000148545
3,1.34487,0.55955,0.70833,1,0.64919,0.000228759,0.000228759,0.000228759
4,1.77145,0.49065,0.75,1,0.55714,0.000307323,0.000307323,0.000307323
5,2.18929,0.44519,0.83333,1,0.45661,0.000384237,0.000384237,0.000384237
6,2.60072,0.38122,0.83333,1,0.38735,0.0004595,0.0004595,0.0004595
7,3.00384,0.34743,0.875,1,0.27503,0.000533113,0.000533113,0.000533113
8,3.40595,0.30014,0.91667,1,0.2381,0.000605076,0.000605076,0.000605076
9,3.83167,0.25056,1,1,0.17601,0.000675388,0.000675388,0.000675388
10,4.24344,0.23097,1,1,0.15607,0.00074405,0.00074405,0.00074405
11,4.66053,0.19191,0.95833,1,0.12436,0.000811062,0.000811062,0.000811062
12,5.05558,0.19555,0.95833,1,0.0967,0.000876424,0.000876424,0.000876424
13,5.43677,0.1768,1,1,0.07696,0.000940135,0.000940135,0.000940135
14,5.84734,0.22297,1,1,0.07903,0.0010022,0.0010022,0.0010022
15,6.26531,0.20753,0.91667,1,0.10557,0.00106261,0.00106261,0.00106261
16,6.65152,0.15315,0.95833,1,0.1153,0.00112137,0.00112137,0.00112137
17,7.04383,0.1852,0.95833,1,0.08818,0.00117848,0.00117848,0.00117848
18,7.44195,0.15113,0.95833,1,0.0832,0.00123394,0.00123394,0.00123394
19,7.83821,0.12632,0.95833,1,0.13102,0.00128774,0.00128774,0.00128774
20,8.24976,0.1394,1,1,0.05868,0.0013399,0.0013399,0.0013399
21,8.6438,0.076,1,1,0.05844,0.00133693,0.00133693,0.00133693
22,9.05771,0.18553,1,1,0.0467,0.00132043,0.00132043,0.00132043
23,9.4655,0.13694,0.95833,1,0.08084,0.00130393,0.00130393,0.00130393
24,9.87555,0.06377,1,1,0.0048,0.00128742,0.00128742,0.00128742
25,10.2896,0.04717,1,1,0.00272,0.00127092,0.00127092,0.00127092
26,10.6867,0.06505,1,1,0.00233,0.00125442,0.00125442,0.00125442
27,11.103,0.06564,1,1,0.00333,0.00123791,0.00123791,0.00123791
28,11.5566,0.04937,1,1,0.00764,0.00122141,0.00122141,0.00122141
29,11.9597,0.0894,1,1,0.01241,0.00120491,0.00120491,0.00120491
30,12.3893,0.07753,1,1,0.01792,0.0011884,0.0011884,0.0011884
31,12.7788,0.08882,1,1,0.0211,0.0011719,0.0011719,0.0011719
32,13.2157,0.06727,1,1,0.0194,0.0011554,0.0011554,0.0011554
33,13.6618,0.13297,1,1,0.02141,0.00113889,0.00113889,0.00113889
34,14.0902,0.07012,1,1,0.01399,0.00112239,0.00112239,0.00112239
35,14.4944,0.10183,1,1,0.00801,0.00110589,0.00110589,0.00110589
36,14.8954,0.088,1,1,0.01137,0.00108938,0.00108938,0.00108938
37,15.3877,0.05592,1,1,0.01427,0.00107288,0.00107288,0.00107288
38,15.7824,0.18282,1,1,0.01825,0.00105638,0.00105638,0.00105638
39,16.1784,0.132,0.91667,1,0.08112,0.00103987,0.00103987,0.00103987
40,16.5753,0.07481,0.91667,1,0.23195,0.00102337,0.00102337,0.00102337
41,16.9406,0.07487,0.91667,1,0.17877,0.00100687,0.00100687,0.00100687
42,17.3236,0.20249,0.95833,1,0.19575,0.000990365,0.000990365,0.000990365
43,17.7001,0.06239,0.95833,1,0.18072,0.000973861,0.000973861,0.000973861
44,18.0807,0.09168,0.95833,1,0.19882,0.000957358,0.000957358,0.000957358
45,18.4724,0.03332,0.95833,1,0.16111,0.000940855,0.000940855,0.000940855
46,18.842,0.0611,0.95833,1,0.14624,0.000924352,0.000924352,0.000924352
47,19.2256,0.09637,0.95833,1,0.09131,0.000907848,0.000907848,0.000907848
48,19.6206,0.04867,0.95833,1,0.05742,0.000891345,0.000891345,0.000891345
49,20.0042,0.18712,0.95833,1,0.05089,0.000874842,0.000874842,0.000874842
50,20.3831,0.11566,0.95833,1,0.06467,0.000858338,0.000858338,0.000858338
51,20.7613,0.08793,0.95833,1,0.04661,0.000841835,0.000841835,0.000841835
52,21.1626,0.05434,1,1,0.05754,0.000825332,0.000825332,0.000825332
53,21.565,0.03908,0.95833,1,0.05888,0.000808828,0.000808828,0.000808828
54,21.9421,0.04809,1,1,0.05178,0.000792325,0.000792325,0.000792325
55,22.3428,0.08349,0.95833,1,0.05933,0.000775822,0.000775822,0.000775822
56,22.7565,0.03592,0.95833,1,0.06511,0.000759318,0.000759318,0.000759318
57,23.1317,0.05663,0.95833,1,0.08716,0.000742815,0.000742815,0.000742815
58,23.5015,0.0852,0.95833,1,0.10755,0.000726312,0.000726312,0.000726312
59,23.8923,0.05051,0.95833,1,0.09101,0.000709809,0.000709809,0.000709809
60,24.2803,0.07722,0.95833,1,0.06171,0.000693305,0.000693305,0.000693305
61,24.6587,0.06517,1,1,0.03939,0.000676802,0.000676802,0.000676802
62,25.0689,0.04759,1,1,0.03626,0.000660299,0.000660299,0.000660299
63,25.451,0.01933,1,1,0.02749,0.000643795,0.000643795,0.000643795
64,25.844,0.03673,1,1,0.01926,0.000627292,0.000627292,0.000627292
65,26.2534,0.08662,1,1,0.01979,0.000610789,0.000610789,0.000610789
66,26.6513,0.07897,1,1,0.01474,0.000594286,0.000594286,0.000594286
67,27.0136,0.01873,1,1,0.01133,0.000577782,0.000577782,0.000577782
68,27.4097,0.06246,1,1,0.01034,0.000561279,0.000561279,0.000561279
69,27.812,0.02668,1,1,0.00981,0.000544776,0.000544776,0.000544776
70,28.1971,0.03203,1,1,0.00724,0.000528272,0.000528272,0.000528272
71,28.6397,0.02065,1,1,0.00461,0.000511769,0.000511769,0.000511769
72,29.0419,0.0495,1,1,0.00379,0.000495266,0.000495266,0.000495266
73,29.429,0.03457,1,1,0.00297,0.000478762,0.000478762,0.000478762
74,29.8529,0.06211,1,1,0.00426,0.000462259,0.000462259,0.000462259
75,30.244,0.05199,1,1,0.00427,0.000445756,0.000445756,0.000445756
76,30.645,0.06095,1,1,0.00584,0.000429253,0.000429253,0.000429253
77,31.047,0.01516,1,1,0.0122,0.000412749,0.000412749,0.000412749
78,31.4457,0.01434,1,1,0.00832,0.000396246,0.000396246,0.000396246
79,31.8467,0.07617,1,1,0.0118,0.000379743,0.000379743,0.000379743
80,32.2518,0.07753,1,1,0.01227,0.000363239,0.000363239,0.000363239
81,32.6748,0.04646,1,1,0.01123,0.000346736,0.000346736,0.000346736
82,33.0877,0.07236,1,1,0.0078,0.000330233,0.000330233,0.000330233
83,33.6273,0.03261,1,1,0.01582,0.000313729,0.000313729,0.000313729
84,34.0624,0.01718,1,1,0.00734,0.000297226,0.000297226,0.000297226
85,34.5049,0.03935,1,1,0.01021,0.000280723,0.000280723,0.000280723
86,35.0263,0.0253,1,1,0.00922,0.00026422,0.00026422,0.00026422
87,35.5983,0.06178,1,1,0.01084,0.000247716,0.000247716,0.000247716
88,36.0753,0.01716,1,1,0.00674,0.000231213,0.000231213,0.000231213
89,36.527,0.07432,1,1,0.00528,0.00021471,0.00021471,0.00021471
90,36.998,0.05505,1,1,0.00749,0.000198206,0.000198206,0.000198206
91,37.4371,0.02585,1,1,0.00391,0.000181703,0.000181703,0.000181703
92,37.9183,0.04087,1,1,0.00388,0.0001652,0.0001652,0.0001652
93,38.3443,0.015,1,1,0.00602,0.000148696,0.000148696,0.000148696
94,38.7839,0.03404,1,1,0.01128,0.000132193,0.000132193,0.000132193
95,39.257,0.11962,1,1,0.00841,0.00011569,0.00011569,0.00011569
96,39.711,0.05106,1,1,0.00354,9.91865e-05,9.91865e-05,9.91865e-05
97,40.1316,0.01646,1,1,0.00733,8.26832e-05,8.26832e-05,8.26832e-05
98,40.5392,0.00599,1,1,0.00646,6.61799e-05,6.61799e-05,6.61799e-05
99,40.9517,0.0112,1,1,0.00352,4.96766e-05,4.96766e-05,4.96766e-05
100,41.3812,0.01939,1,1,0.00422,3.31733e-05,3.31733e-05,3.31733e-05
